Battery_Weight,Battery_Capacity,Motor_Weight,Propeller_Weight,MV_omega_rad,MV_omega_RPM,MV_Voltage,MV_Thrust,MV_Torque,MV_Power,MV_Current,MV_Efficiency,MP_omega_rad,MP_omega_RPM,MP_Voltage,MP_Thrust,MP_Torque,MP_Power,MP_Current,MP_Efficiency,MC_omega_rad,MC_omega_RPM,MC_Voltage,MC_Thrust,MC_Torque,MC_Power,MC_Current,MC_Efficiency,MaxPower,MaxCur,PeakCur,ContCur,Aircraft_Weight,Aircraft_Thrust,Aircraft_Thrust2Weight,Aircraft_FlightTime,Battery,Motor,Propeller
0.109,2000.0,0.06,0.03402,570.95,5452.17,6.6,13.25,0.33,341.76,51.78,57.69,568.71,5430.81,6.56,16.04,0.33,336.84,51.34,57.79,441.91,4219.89,4.66,11.12,0.2,147.29,31.58,62.25,320.0,30.0,80.0,40.0,0.83231235,53.0,63.678017,7.7249904,Turnigynano-tech2000mAh2040C,t_motor_AT2312KV1400,apc_propellers_14x7E
0.109,2000.0,0.06,0.02495,512.21,4891.22,6.6,13.86,0.38,392.37,59.45,51.9,489.67,4676.0,6.19,14.5,0.35,336.84,54.46,52.85,368.92,3522.89,4.17,9.29,0.2,131.57,31.58,58.18,320.0,30.0,80.0,40.0,0.79603237,55.44,69.64541,6.728343,Turnigynano-tech2000mAh2040C,t_motor_AT2312KV1400,apc_propellers_14x4_7SF
0.109,2000.0,0.06,0.02214,556.39,5313.17,6.6,12.82,0.34,354.3,53.68,56.26,548.26,5235.52,6.46,16.36,0.33,336.84,52.12,56.58,426.02,4068.18,4.56,11.37,0.2,143.87,31.58,61.44,320.0,30.0,80.0,40.0,0.78479236,51.28,65.342125,7.451565,Turnigynano-tech2000mAh2040C,t_motor_AT2312KV1400,apc_propellers_13x4_7SF
0.109,2000.0,0.06,0.01193,754.75,7207.3,6.6,8.45,0.17,183.4,27.79,74.75,908.68,8677.23,8.31,13.2,0.26,336.84,40.51,72.41,804.16,7679.21,7.14,10.43,0.2,225.32,31.58,74.06,320.0,30.0,80.0,40.0,0.74395233,33.8,45.433018,14.393667,Turnigynano-tech2000mAh2040C,t_motor_AT2312KV1400,apc_propellers_10x3_8SF
0.109,2000.0,0.06,0.01787,611.73,5841.58,6.6,11.64,0.29,306.62,46.46,61.64,628.84,6004.99,6.86,16.76,0.31,336.84,49.13,61.09,504.6,4818.57,5.09,8.53,0.2,160.79,31.58,65.12,320.0,30.0,80.0,40.0,0.76771235,46.56,60.647717,8.609556,Turnigynano-tech2000mAh2040C,t_motor_AT2312KV1400,apc_propellers_12x4_7SF
0.109,2000.0,0.06,0.02699,681.67,6509.46,6.6,11.0,0.23,246.36,37.33,68.26,747.78,7140.76,7.46,16.59,0.29,336.84,45.15,66.62,622.04,5940.09,5.89,9.36,0.2,186.09,31.58,69.36,320.0,30.0,80.0,40.0,0.80419236,44.0,54.71328,10.715242,Turnigynano-tech2000mAh2040C,t_motor_AT2312KV1400,apc_propellers_12x6E
0.109,2000.0,0.06,0.00708,856.15,8175.61,6.6,4.96,0.09,96.03,14.55,81.44,1257.79,12010.96,10.29,12.55,0.2,336.84,32.74,80.43,1238.39,11825.79,10.1,10.71,0.2,318.85,31.58,80.59,320.0,30.0,80.0,40.0,0.72455233,19.84,27.382423,27.49141,Turnigynano-tech2000mAh2040C,t_motor_AT2312KV1400,apc_propellers_8x3_8SF
0.109,2000.0,0.06,0.00907,809.06,7725.98,6.6,6.69,0.13,136.6,20.7,78.94,1066.86,10187.75,9.19,13.59,0.23,336.84,36.65,76.67,994.69,9498.56,8.43,11.22,0.2,266.36,31.58,77.49,320.0,30.0,80.0,40.0,0.73251235,26.76,36.531807,19.323671,Turnigynano-tech2000mAh2040C,t_motor_AT2312KV1400,apc_propellers_9x3_8SF
0.109,2000.0,0.06,0.02998,697.29,6658.59,6.6,11.58,0.22,232.91,35.29,69.7,778.64,7435.43,7.62,16.69,0.28,336.84,44.2,67.87,659.41,6296.94,6.15,12.76,0.2,194.14,31.58,70.48,320.0,30.0,80.0,40.0,0.81615233,46.32,56.75411,11.334656,Turnigynano-tech2000mAh2040C,t_motor_AT2312KV1400,apc_propellers_13x4E
0.109,2000.0,0.06,0.02214,681.18,6504.82,6.6,11.25,0.23,246.78,37.39,68.22,743.26,7097.64,7.44,16.95,0.29,336.84,45.3,66.43,630.25,6018.44,5.95,12.97,0.2,187.86,31.58,69.61,320.0,30.0,80.0,40.0,0.78479236,45.0,57.340008,10.698048,Turnigynano-tech2000mAh2040C,t_motor_AT2312KV1400,apc_propellers_12x4_5MR
0.109,2000.0,0.06,0.05502,578.08,5520.29,6.6,15.12,0.32,335.61,50.85,58.38,578.72,5526.34,6.61,17.87,0.32,336.84,50.96,58.36,449.33,4290.76,4.71,12.38,0.2,148.89,31.58,62.62,320.0,30.0,80.0,40.0,0.91631234,60.48,66.00369,7.8662734,Turnigynano-tech2000mAh2040C,t_motor_AT2312KV1400,apc_propellers_16x4E
0.109,2000.0,0.06,0.01787,646.57,6174.28,6.6,11.49,0.26,276.61,41.91,64.98,686.74,6557.92,7.15,14.79,0.3,336.84,47.13,63.93,557.78,5326.45,5.45,10.86,0.2,172.25,31.58,67.19,320.0,30.0,80.0,40.0,0.76771235,45.96,59.866173,9.544262,Turnigynano-tech2000mAh2040C,t_motor_AT2312KV1400,apc_propellers_12x3_8SF
0.109,2000.0,0.06,0.02399,611.2,5836.51,6.6,12.47,0.29,307.08,46.53,61.59,626.71,5984.67,6.85,13.2,0.31,336.84,49.2,60.97,510.18,4871.88,5.13,9.16,0.2,162.0,31.58,65.35,320.0,30.0,80.0,40.0,0.79219234,49.88,62.964504,8.596604,Turnigynano-tech2000mAh2040C,t_motor_AT2312KV1400,apc_propellers_13x5_5MR
0.109,2000.0,0.06,0.01701,736.49,7032.96,6.6,9.68,0.19,199.13,30.17,73.19,848.91,8106.48,7.99,15.86,0.27,336.84,42.15,70.46,751.08,7172.26,6.77,12.54,0.2,213.89,31.58,72.87,320.0,30.0,80.0,40.0,0.76427233,38.72,50.662567,13.2582035,Turnigynano-tech2000mAh2040C,t_motor_AT2312KV1400,apc_propellers_11x4_5MR
0.109,2000.0,0.06,0.01107,830.35,7929.22,6.6,6.16,0.11,118.27,17.92,80.27,1140.41,10890.14,9.61,11.86,0.22,336.84,35.05,78.27,1100.14,10505.58,9.15,11.85,0.2,289.07,31.58,78.97,320.0,30.0,80.0,40.0,0.7405124,24.64,33.274258,22.321428,Turnigynano-tech2000mAh2040C,t_motor_AT2312KV1400,apc_propellers_9x4_5MR
0.109,2000.0,0.06,0.03007,559.51,5342.88,6.6,13.63,0.34,351.62,53.28,56.57,553.42,5284.82,6.49,17.17,0.33,336.84,51.92,56.89,435.41,4157.82,4.62,11.91,0.2,145.89,31.58,61.93,320.0,30.0,80.0,40.0,0.81651235,54.52,66.7718,7.5075073,Turnigynano-tech2000mAh2040C,t_motor_AT2312KV1400,apc_propellers_14x5_5MR
0.109,2000.0,0.06,0.02409,642.84,6138.66,6.6,12.49,0.27,279.82,42.4,64.62,677.65,6471.12,7.1,16.29,0.3,336.84,47.44,63.51,555.19,5301.67,5.44,11.95,0.2,171.69,31.58,67.1,320.0,30.0,80.0,40.0,0.79259235,49.96,63.033665,9.433962,Turnigynano-tech2000mAh2040C,t_motor_AT2312KV1400,apc_propellers_13x4_5MR
0.109,2000.0,0.06,0.04395,472.88,4515.7,6.6,15.46,0.41,426.25,64.58,48.0,443.73,4237.29,5.97,18.9,0.36,336.84,56.39,49.63,330.4,3155.11,3.9,12.09,0.2,123.27,31.58,55.62,320.0,30.0,80.0,40.0,0.87203234,61.84,70.9148,6.193868,Turnigynano-tech2000mAh2040C,t_motor_AT2312KV1400,apc_propellers_16x5_5MR
0.109,2000.0,0.06,0.01501,669.66,6394.81,6.6,10.31,0.24,256.71,38.9,67.15,724.59,6919.35,7.34,12.37,0.29,336.84,45.89,65.63,605.56,5782.67,5.78,9.08,0.2,182.54,31.58,68.84,320.0,30.0,80.0,40.0,0.7562724,41.24,54.53062,10.282776,Turnigynano-tech2000mAh2040C,t_motor_AT2312KV1400,apc_propellers_11x4_7SF
0.109,2000.0,0.06,0.02214,652.25,6228.54,6.6,11.32,0.26,271.71,41.17,65.51,686.31,6553.82,7.14,14.35,0.3,336.84,47.15,63.91,577.2,5511.85,5.59,10.54,0.2,176.43,31.58,67.88,320.0,30.0,80.0,40.0,0.78479236,45.28,57.69679,9.715813,Turnigynano-tech2000mAh2040C,t_motor_AT2312KV1400,apc_propellers_12x5_5MR
0.109,2000.0,0.06,0.01701,714.78,6825.64,6.6,9.86,0.21,217.84,33.01,71.28,793.42,7576.62,7.7,13.54,0.28,336.84,43.76,68.44,698.08,6666.13,6.41,10.37,0.2,202.47,31.58,71.54,320.0,30.0,80.0,40.0,0.76427233,39.44,51.60464,12.11754,Turnigynano-tech2000mAh2040C,t_motor_AT2312KV1400,apc_propellers_11x5_5MR
0.109,2000.0,0.06,0.03602,509.09,4861.46,6.6,14.67,0.38,395.06,59.86,51.6,488.05,4660.5,6.18,15.49,0.35,336.84,54.52,52.74,372.69,3558.93,4.19,9.9,0.2,132.38,31.58,58.42,320.0,30.0,80.0,40.0,0.84031236,58.68,69.83118,6.6822586,Turnigynano-tech2000mAh2040C,t_motor_AT2312KV1400,apc_propellers_15x5_5MR
0.109,2000.0,0.06,0.01501,782.59,7473.16,6.6,8.05,0.15,159.41,24.15,77.0,965.09,9215.97,8.62,14.4,0.25,336.84,39.06,74.07,887.53,8475.26,7.7,11.67,0.2,243.28,31.58,75.7,320.0,30.0,80.0,40.0,0.7562724,32.2,42.577255,16.563147,Turnigynano-tech2000mAh2040C,t_motor_AT2312KV1400,apc_propellers_10x4_5MR
0.109,2000.0,0.06,0.045,619.06,5911.62,6.6,14.06,0.29,300.3,45.5,62.35,640.52,6116.51,6.91,19.56,0.31,336.84,48.72,61.68,513.07,4899.42,5.15,10.06,0.2,162.62,31.58,65.47,320.0,30.0,80.0,40.0,0.8762324,56.24,64.18389,8.791209,Turnigynano-tech2000mAh2040C,t_motor_AT2312KV1400,apc_propellers_15x4E
0.109,2000.0,0.06,0.01501,700.78,6691.97,6.6,10.02,0.22,229.9,34.83,70.02,787.59,7520.9,7.67,14.31,0.28,336.84,43.93,68.22,666.52,6364.78,6.2,10.95,0.2,195.67,31.58,70.68,320.0,30.0,80.0,40.0,0.7562724,40.08,52.99678,11.484352,Turnigynano-tech2000mAh2040C,t_motor_AT2312KV1400,apc_propellers_11x3_8SF
0.109,2000.0,0.108,0.02495,606.27,5789.48,6.6,19.43,0.53,474.41,71.88,71.17,724.75,6920.88,8.28,28.41,0.75,842.11,101.71,68.36,542.32,5178.81,5.75,20.84,0.42,332.64,57.89,72.65,800.0,55.0,80.0,40.0,0.98803234,77.72,78.66139,5.5648303,Turnigynano-tech2000mAh2040C,t_motor_AT2814KV1200,apc_propellers_14x4_7SF
0.109,2000.0,0.108,0.06101,508.57,4856.45,6.6,27.01,0.77,682.17,103.36,60.19,540.76,5163.88,7.19,40.92,0.87,842.11,117.05,58.85,381.82,3646.13,4.47,18.28,0.42,258.7,57.89,65.77,800.0,55.0,80.0,40.0,1.1322724,108.04,95.41874,3.8699691,Turnigynano-tech2000mAh2040C,t_motor_AT2814KV1200,apc_propellers_18x5_5MR
0.109,2000.0,0.108,0.05502,654.02,6245.43,6.6,19.51,0.41,372.88,56.5,76.21,840.18,8023.09,9.0,40.41,0.69,842.11,93.59,72.8,662.18,6323.32,6.7,24.53,0.42,387.86,57.89,76.08,800.0,55.0,80.0,40.0,1.1083124,78.04,70.41336,7.079646,Turnigynano-tech2000mAh2040C,t_motor_AT2814KV1200,apc_propellers_16x4E
0.109,2000.0,0.108,0.04395,569.69,5440.15,6.6,22.67,0.62,552.19,83.67,67.13,641.37,6124.59,7.78,37.39,0.8,842.11,108.27,64.47,479.36,4577.54,5.24,19.18,0.42,303.64,57.89,70.35,800.0,55.0,80.0,40.0,1.0640323,90.68,85.22297,4.780686,Turnigynano-tech2000mAh2040C,t_motor_AT2814KV1200,apc_propellers_16x5_5MR
0.109,2000.0,0.108,0.03602,597.64,5707.05,6.6,20.4,0.55,492.76,74.66,70.23,691.88,6606.95,8.08,30.66,0.77,842.11,104.22,66.9,533.61,5095.59,5.68,22.4,0.42,328.63,57.89,72.36,800.0,55.0,80.0,40.0,1.0323124,81.6,79.045845,5.357621,Turnigynano-tech2000mAh2040C,t_motor_AT2814KV1200,apc_propellers_15x5_5MR
0.109,2000.0,0.11,0.01796,594.7,5679.0,6.6,3.13,0.06,46.32,7.02,76.25,1374.87,13129.03,16.08,19.0,0.35,582.11,36.19,87.14,1414.24,13505.03,16.62,19.0,0.38,647.11,38.95,87.02,553.0,37.0,80.0,40.0,0.96807235,12.52,12.932918,56.980057,Turnigynano-tech2000mAh2040C,t_motor_AS2814KV900,apc_propellers_9x4_5E
0.109,2000.0,0.11,0.01107,594.34,5675.56,6.6,3.15,0.06,46.93,7.11,76.45,1341.18,12807.35,15.76,16.53,0.36,582.11,36.94,86.84,1365.71,13041.59,16.1,19.14,0.38,627.06,38.95,86.72,553.0,37.0,80.0,40.0,0.94051236,12.6,13.396954,56.25879,Turnigynano-tech2000mAh2040C,t_motor_AS2814KV900,apc_propellers_9x4_5MR
0.109,2000.0,0.06,0.00313,781.13,7459.25,6.6,0.51,0.01,10.53,1.6,43.17,3236.84,30909.57,27.82,8.76,0.1,368.42,13.24,90.08,3969.79,37908.74,34.84,17.63,0.2,916.82,26.32,91.4,350.0,25.0,80.0,40.0,0.70875233,2.04,2.8782973,250.0,Turnigynano-tech2000mAh2040C,t_motor_AT2312KV1150,apc_propellers_5x3E
0.109,2000.0,0.06,0.01193,649.7,6204.2,6.6,6.24,0.13,111.63,16.91,77.42,939.97,8976.01,10.34,13.16,0.27,368.42,35.62,73.57,810.75,7742.14,8.61,10.39,0.2,226.51,26.32,75.56,350.0,25.0,80.0,40.0,0.74395233,24.96,33.550537,23.654642,Turnigynano-tech2000mAh2040C,t_motor_AT2312KV1150,apc_propellers_10x3_8SF
0.109,2000.0,0.06,0.01787,540.27,5159.17,6.6,9.1,0.23,195.8,29.67,65.92,651.46,6221.01,8.5,16.75,0.33,368.42,43.35,62.34,508.81,4858.82,6.1,8.53,0.2,160.53,26.32,66.91,350.0,25.0,80.0,40.0,0.76771235,36.4,47.413593,13.481631,Turnigynano-tech2000mAh2040C,t_motor_AT2312KV1150,apc_propellers_12x4_7SF
0.109,2000.0,0.06,0.00708,719.65,6872.17,6.6,3.5,0.06,57.82,8.76,81.3,1295.41,12370.24,12.81,12.5,0.22,368.42,28.77,81.38,1247.28,11910.64,12.23,10.66,0.2,321.9,26.32,81.79,350.0,25.0,80.0,40.0,0.72455233,14.0,19.322275,45.6621,Turnigynano-tech2000mAh2040C,t_motor_AT2312KV1150,apc_propellers_8x3_8SF
0.109,2000.0,0.06,0.00907,687.9,6568.93,6.6,4.85,0.09,82.25,12.46,80.33,1100.2,10506.09,11.43,13.59,0.25,368.42,32.23,77.7,1002.67,9574.78,10.2,11.23,0.2,268.44,26.32,78.84,350.0,25.0,80.0,40.0,0.73251235,19.4,26.484196,32.10273,Turnigynano-tech2000mAh2040C,t_motor_AT2312KV1150,apc_propellers_9x3_8SF
0.109,2000.0,0.06,0.00399,778.64,7435.42,6.6,0.53,0.01,12.45,1.89,51.5,2959.27,28258.98,25.6,8.04,0.11,368.42,14.39,90.03,3721.5,35537.72,32.78,14.54,0.2,862.56,26.32,91.07,350.0,25.0,80.0,40.0,0.71219236,2.12,2.976724,211.64021,Turnigynano-tech2000mAh2040C,t_motor_AT2312KV1150,apc_propellers_5x5E
0.109,2000.0,0.06,0.02,671.59,6413.24,6.6,5.6,0.11,94.79,14.36,79.23,1027.48,9811.73,10.93,13.61,0.26,368.42,33.7,75.97,934.21,8921.03,9.63,11.03,0.2,253.48,26.32,77.8,350.0,25.0,80.0,40.0,0.77623236,22.4,28.857338,27.855154,Turnigynano-tech2000mAh2040C,t_motor_AT2312KV1150,apc_propellers_10x5E
0.109,2000.0,0.06,0.00708,708.4,6764.7,6.6,3.67,0.07,66.48,10.07,81.21,1181.66,11284.0,12.0,15.69,0.24,368.42,30.7,79.39,1120.39,10698.92,11.18,15.69,0.2,294.17,26.32,80.4,350.0,25.0,80.0,40.0,0.72455233,14.68,20.260786,39.721947,Turnigynano-tech2000mAh2040C,t_motor_AT2312KV1150,apc_propellers_8x4_7SF
0.109,2000.0,0.06,0.01501,653.18,6237.43,6.6,5.99,0.12,108.95,16.51,77.73,930.56,8886.22,10.28,12.48,0.28,368.42,35.84,73.29,843.78,8057.5,8.88,12.47,0.2,233.72,26.32,76.21,350.0,25.0,80.0,40.0,0.7562724,23.96,31.681707,24.227741,Turnigynano-tech2000mAh2040C,t_motor_AT2312KV1150,apc_propellers_10x5_5MR
0.109,2000.0,0.06,0.02998,605.78,5784.78,6.6,8.69,0.17,145.41,22.03,73.12,805.66,7693.46,9.46,16.61,0.3,368.42,38.93,69.07,664.93,6349.6,7.4,12.69,0.2,194.64,26.32,72.11,350.0,25.0,80.0,40.0,0.81615233,34.76,42.590088,18.157059,Turnigynano-tech2000mAh2040C,t_motor_AT2312KV1150,apc_propellers_13x4E
0.109,2000.0,0.06,0.02214,595.41,5685.71,6.6,8.54,0.18,153.39,23.24,72.03,768.08,7334.66,9.22,16.89,0.31,368.42,39.94,67.6,635.09,6064.63,7.15,12.92,0.2,188.12,26.32,71.26,350.0,25.0,80.0,40.0,0.78479236,34.16,43.52744,17.211704,Turnigynano-tech2000mAh2040C,t_motor_AT2312KV1150,apc_propellers_12x4_5MR
0.109,2000.0,0.06,0.00513,771.22,7364.57,6.6,1.06,0.01,18.16,2.75,65.48,2362.35,22558.8,20.87,10.3,0.13,368.42,17.65,89.21,2690.95,25696.69,24.22,13.16,0.2,637.37,26.32,89.12,350.0,25.0,80.0,40.0,0.71675235,4.24,5.9155717,145.45454,Turnigynano-tech2000mAh2040C,t_motor_AT2312KV1150,apc_propellers_6x4E
0.109,2000.0,0.06,0.05502,511.92,4888.43,6.6,11.79,0.25,217.61,32.97,62.66,600.71,5736.35,8.19,17.74,0.35,368.42,44.97,59.68,453.36,4329.26,5.64,12.29,0.2,148.41,26.32,64.48,350.0,25.0,80.0,40.0,0.91631234,47.16,51.467167,12.132241,Turnigynano-tech2000mAh2040C,t_motor_AT2312KV1150,apc_propellers_16x4E
0.109,2000.0,0.06,0.01193,632.15,6036.59,6.6,6.58,0.14,125.13,18.96,75.78,861.42,8225.95,9.82,14.62,0.29,368.42,37.5,71.07,735.91,7027.41,7.99,11.55,0.2,210.15,26.32,73.92,350.0,25.0,80.0,40.0,0.74395233,26.32,35.37861,21.097046,Turnigynano-tech2000mAh2040C,t_motor_AT2312KV1150,apc_propellers_10x4_7SF
0.109,2000.0,0.06,0.01787,566.25,5407.31,6.6,8.85,0.2,175.81,26.64,68.85,712.29,6801.91,8.87,14.79,0.32,368.42,41.52,65.22,562.65,5372.89,6.55,10.9,0.2,172.29,26.32,68.94,350.0,25.0,80.0,40.0,0.76771235,35.4,46.11102,15.015015,Turnigynano-tech2000mAh2040C,t_motor_AT2312KV1150,apc_propellers_12x3_8SF
0.109,2000.0,0.06,0.00313,783.3,7479.94,6.6,0.27,0.0,8.86,1.34,32.9,3845.37,36720.54,32.73,6.61,0.08,368.42,11.26,89.8,5415.44,51713.67,46.84,0.0,0.2,1232.72,26.32,92.73,350.0,25.0,80.0,40.0,0.70875233,1.08,1.5238044,298.50748,Turnigynano-tech2000mAh2040C,t_motor_AT2312KV1150,apc_propellers_4_1x4_1E
0.109,2000.0,0.06,0.02399,542.88,5184.16,6.6,9.79,0.22,193.79,29.36,66.22,645.61,6165.11,8.46,17.85,0.34,368.42,43.53,62.05,514.87,4916.64,6.15,9.16,0.2,161.85,26.32,67.15,350.0,25.0,80.0,40.0,0.79219234,39.16,49.432438,13.623979,Turnigynano-tech2000mAh2040C,t_motor_AT2312KV1150,apc_propellers_13x5_5MR
0.109,2000.0,0.06,0.00907,673.0,6426.72,6.6,5.12,0.1,93.7,14.2,79.34,997.85,9528.76,10.73,12.4,0.26,368.42,34.33,75.2,898.8,8582.87,9.34,10.04,0.2,245.75,26.32,77.2,350.0,25.0,80.0,40.0,0.73251235,20.48,27.958572,28.169014,Turnigynano-tech2000mAh2040C,t_motor_AT2312KV1150,apc_propellers_9x4_7SF
0.109,2000.0,0.06,0.01701,634.51,6059.14,6.6,7.15,0.14,123.31,18.68,76.01,874.88,8354.46,9.91,15.8,0.29,368.42,37.17,71.52,756.42,7223.31,8.16,12.48,0.2,214.64,26.32,74.39,350.0,25.0,80.0,40.0,0.76427233,28.6,37.421215,21.413277,Turnigynano-tech2000mAh2040C,t_motor_AT2312KV1150,apc_propellers_11x4_5MR
0.109,2000.0,0.06,0.01796,702.49,6708.28,6.6,4.37,0.08,71.02,10.76,81.03,1182.8,11294.93,12.01,16.4,0.23,368.42,30.68,79.41,1113.34,10631.59,11.12,11.75,0.2,292.63,26.32,80.31,350.0,25.0,80.0,40.0,0.76807237,17.48,22.758272,37.17472,Turnigynano-tech2000mAh2040C,t_motor_AT2312KV1150,apc_propellers_9x4_5E
0.109,2000.0,0.06,0.01107,701.26,6696.58,6.6,4.39,0.08,71.96,10.9,80.99,1169.47,11167.63,11.91,14.09,0.24,368.42,30.92,79.15,1106.44,10565.7,11.06,11.84,0.2,291.12,26.32,80.23,350.0,25.0,80.0,40.0,0.7405124,17.56,23.713312,36.697247,Turnigynano-tech2000mAh2040C,t_motor_AT2312KV1150,apc_propellers_9x4_5MR
0.109,2000.0,0.06,0.03007,501.07,4784.85,6.6,10.87,0.26,225.95,34.24,61.39,571.44,5456.86,8.02,17.07,0.36,368.42,45.95,58.02,439.07,4192.76,5.52,11.84,0.2,145.29,26.32,63.79,350.0,25.0,80.0,40.0,0.81651235,43.48,53.250877,11.682243,Turnigynano-tech2000mAh2040C,t_motor_AT2312KV1150,apc_propellers_14x5_5MR
0.109,2000.0,0.06,0.02409,564.93,5394.71,6.6,9.6,0.2,176.83,26.79,68.7,701.07,6694.75,8.8,16.19,0.32,368.42,41.85,64.71,559.85,5346.15,6.52,11.87,0.2,171.68,26.32,68.84,350.0,25.0,80.0,40.0,0.79259235,38.4,48.448612,14.930944,Turnigynano-tech2000mAh2040C,t_motor_AT2312KV1150,apc_propellers_13x4_5MR
0.109,2000.0,0.06,0.02214,574.65,5487.48,6.6,8.75,0.2,169.36,25.66,69.78,705.94,6741.18,8.83,14.25,0.32,368.42,41.71,64.94,582.11,5558.7,6.71,10.46,0.2,176.54,26.32,69.6,350.0,25.0,80.0,40.0,0.78479236,35.0,44.597782,15.588465,Turnigynano-tech2000mAh2040C,t_motor_AT2312KV1150,apc_propellers_12x5_5MR
0.109,2000.0,0.06,0.01701,617.77,5899.31,6.6,7.35,0.16,136.18,20.63,74.35,813.87,7771.87,9.52,13.52,0.3,368.42,38.71,69.37,704.28,6725.37,7.72,10.35,0.2,203.24,26.32,73.15,350.0,25.0,80.0,40.0,0.76427233,29.4,38.46796,19.389238,Turnigynano-tech2000mAh2040C,t_motor_AT2312KV1150,apc_propellers_11x5_5MR
0.109,2000.0,0.06,0.00907,730.18,6972.74,6.6,3.06,0.05,49.72,7.53,80.96,1413.62,13499.07,13.66,12.34,0.21,368.42,26.97,83.08,1403.34,13400.88,13.53,12.34,0.2,356.0,26.32,83.21,350.0,25.0,80.0,40.0,0.73251235,12.24,16.709616,53.12085,Turnigynano-tech2000mAh2040C,t_motor_AT2312KV1150,apc_propellers_8x4_5MR
0.109,2000.0,0.06,0.01501,667.52,6374.35,6.6,5.84,0.11,97.92,14.84,78.92,992.54,9478.05,10.7,14.37,0.26,368.42,34.44,75.05,893.39,8531.28,9.29,11.64,0.2,244.57,26.32,77.11,350.0,25.0,80.0,40.0,0.7562724,23.36,30.888344,26.954178,Turnigynano-tech2000mAh2040C,t_motor_AT2312KV1150,apc_propellers_10x4_5MR
0.109,2000.0,0.06,0.00798,753.78,7198.02,6.6,2.0,0.03,31.57,4.78,77.1,1744.94,16662.91,16.12,11.14,0.17,368.42,22.86,86.38,1823.1,17409.35,17.01,12.49,0.2,447.73,26.32,85.95,350.0,25.0,80.0,40.0,0.72815233,8.0,10.9867115,83.68201,Turnigynano-tech2000mAh2040C,t_motor_AT2312KV1150,apc_propellers_7x4E
0.109,2000.0,0.06,0.00513,751.2,7173.43,6.6,2.05,0.03,33.55,5.08,77.88,1707.01,16300.75,15.83,11.5,0.18,368.42,23.27,86.09,1771.97,16921.02,16.59,11.51,0.2,436.55,26.32,85.68,350.0,25.0,80.0,40.0,0.71675235,8.2,11.440493,78.74016,Turnigynano-tech2000mAh2040C,t_motor_AT2312KV1150,apc_propellers_7x4SF
0.109,2000.0,0.06,0.045,545.48,5208.96,6.6,10.84,0.22,191.79,29.06,66.52,663.87,6339.45,8.57,19.61,0.33,368.42,42.97,62.95,517.98,4946.36,6.18,10.06,0.2,162.53,26.32,67.27,350.0,25.0,80.0,40.0,0.8762324,43.36,49.484592,13.764625,Turnigynano-tech2000mAh2040C,t_motor_AT2312KV1150,apc_propellers_15x4E
0.109,2000.0,0.06,0.01501,608.67,5812.41,6.6,7.56,0.16,143.18,21.69,73.42,815.69,7789.29,9.53,14.31,0.3,368.42,38.67,69.44,672.18,6418.88,7.46,10.98,0.2,196.23,26.32,72.31,350.0,25.0,80.0,40.0,0.7562724,30.24,39.985596,18.441679,Turnigynano-tech2000mAh2040C,t_motor_AT2312KV1150,apc_propellers_11x3_8SF
0.109,2000.0,0.125,0.00313,353.41,3374.83,6.6,0.1,0.0,2.51,0.38,16.73,3698.34,35316.59,69.57,11.78,0.14,560.0,8.05,94.49,4634.46,44255.84,89.05,18.41,0.44,2249.78,25.26,95.07,532.0,24.0,80.0,40.0,0.9687524,0.4,0.41290224,1052.6316,Turnigynano-tech2000mAh2040C,kde_direct_KDE2814XF_515,apc_propellers_5x3E
0.109,2000.0,0.125,0.02214,313.04,2989.28,6.6,4.08,0.11,42.52,6.44,83.44,711.12,6790.66,17.21,22.4,0.57,560.0,32.55,75.72,629.37,6010.03,14.79,22.58,0.44,373.64,25.26,77.74,532.0,24.0,80.0,40.0,1.0447924,16.32,15.620329,62.1118,Turnigynano-tech2000mAh2040C,kde_direct_KDE2814XF_515,apc_propellers_13x4_7SF
0.109,2000.0,0.125,0.01193,340.1,3247.76,6.6,1.72,0.04,15.69,2.38,82.67,1129.83,10789.1,23.85,19.64,0.41,560.0,23.48,86.46,1169.49,11167.8,24.81,23.46,0.44,626.65,25.26,86.13,532.0,24.0,80.0,40.0,1.0039524,6.88,6.852915,168.06723,Turnigynano-tech2000mAh2040C,kde_direct_KDE2814XF_515,apc_propellers_10x3_8SF
0.109,2000.0,0.125,0.01787,322.81,3082.63,6.6,3.26,0.08,32.83,4.97,84.74,802.66,7664.81,18.6,21.93,0.52,560.0,30.11,78.99,739.63,7062.98,16.83,21.97,0.44,425.29,25.26,80.26,532.0,24.0,80.0,40.0,1.0277123,13.04,12.688375,80.482895,Turnigynano-tech2000mAh2040C,kde_direct_KDE2814XF_515,apc_propellers_12x4_7SF
0.109,2000.0,0.125,0.00399,352.98,3370.69,6.6,0.16,0.0,2.94,0.45,28.74,3042.29,29051.75,57.61,12.55,0.17,560.0,9.72,94.52,3514.91,33564.96,68.29,16.12,0.44,1725.34,25.26,94.02,532.0,24.0,80.0,40.0,0.97219235,0.64,0.65830594,888.8889,Turnigynano-tech2000mAh2040C,kde_direct_KDE2814XF_515,apc_propellers_5_5x4_5E
0.109,2000.0,0.125,0.00708,348.29,3325.93,6.6,0.82,0.01,7.58,1.15,70.79,1507.93,14399.69,30.25,16.62,0.32,560.0,18.51,90.66,1686.48,16104.67,34.39,0.0,0.44,868.83,25.26,89.59,532.0,24.0,80.0,40.0,0.9845524,3.28,3.3314633,347.82608,Turnigynano-tech2000mAh2040C,kde_direct_KDE2814XF_515,apc_propellers_8x3_8SF
0.109,2000.0,0.125,0.00907,344.8,3292.6,6.6,1.23,0.02,11.04,1.67,78.4,1301.27,12426.23,26.72,19.11,0.36,560.0,20.96,88.75,1413.12,13494.26,29.32,22.15,0.44,740.78,25.26,88.04,532.0,24.0,80.0,40.0,0.99251235,4.92,4.957117,239.52097,Turnigynano-tech2000mAh2040C,kde_direct_KDE2814XF_515,apc_propellers_9x3_8SF
0.109,2000.0,0.125,0.00399,353.23,3373.1,6.6,0.11,0.0,2.69,0.41,22.23,3508.17,33500.54,66.1,11.05,0.14,560.0,8.47,94.53,4086.52,39023.41,78.89,0.0,0.44,1993.1,25.26,94.63,532.0,24.0,80.0,40.0,0.97219235,0.44,0.45258534,975.60974,Turnigynano-tech2000mAh2040C,kde_direct_KDE2814XF_515,apc_propellers_5x5E
0.109,2000.0,0.125,0.02,343.19,3277.25,6.6,1.45,0.03,12.63,1.91,80.33,1190.73,11370.68,24.86,19.49,0.39,560.0,22.53,87.37,1240.19,11842.96,26.12,19.51,0.44,659.77,25.26,86.75,532.0,24.0,80.0,40.0,1.0362324,5.8,5.5972004,209.42409,Turnigynano-tech2000mAh2040C,kde_direct_KDE2814XF_515,apc_propellers_10x5E
0.109,2000.0,0.125,0.00708,347.35,3316.91,6.6,0.87,0.02,8.52,1.29,73.54,1351.58,12906.66,27.57,15.62,0.35,560.0,20.31,89.28,1455.32,13897.26,30.1,15.62,0.44,760.55,25.26,88.31,532.0,24.0,80.0,40.0,0.9845524,3.48,3.5346012,310.0775,Turnigynano-tech2000mAh2040C,kde_direct_KDE2814XF_515,apc_propellers_8x4_7SF
0.109,2000.0,0.125,0.01501,340.79,3254.3,6.6,1.63,0.03,15.02,2.28,82.27,1064.27,10163.02,22.77,18.59,0.43,560.0,24.59,85.35,1073.31,10249.32,23.02,18.59,0.44,581.6,25.26,85.17,532.0,24.0,80.0,40.0,1.0162723,6.52,6.415603,175.4386,Turnigynano-tech2000mAh2040C,kde_direct_KDE2814XF_515,apc_propellers_10x5_5MR
0.109,2000.0,0.125,0.02998,333.54,3185.05,6.6,2.61,0.05,22.2,3.36,84.71,977.08,9330.41,21.36,25.73,0.46,560.0,26.22,83.62,960.52,9172.27,20.93,25.72,0.44,528.76,25.26,83.84,532.0,24.0,80.0,40.0,1.0761523,10.44,9.701228,119.04762,Turnigynano-tech2000mAh2040C,kde_direct_KDE2814XF_515,apc_propellers_13x4E
0.109,2000.0,0.125,0.02214,332.15,3171.81,6.6,2.65,0.06,23.58,3.57,84.87,925.92,8841.86,20.54,21.3,0.47,560.0,27.27,82.44,895.81,8554.38,19.73,21.3,0.44,498.45,25.26,82.94,532.0,24.0,80.0,40.0,1.0447924,10.6,10.145556,112.044815,Turnigynano-tech2000mAh2040C,kde_direct_KDE2814XF_515,apc_propellers_12x4_5MR
0.109,2000.0,0.125,0.00513,352.68,3367.88,6.6,0.22,0.0,3.23,0.49,35.06,2655.34,25356.63,50.6,13.14,0.19,560.0,11.07,94.31,3132.23,29910.56,61.2,17.5,0.44,1546.07,25.26,93.5,532.0,24.0,80.0,40.0,0.97675234,0.88,0.9009448,816.32654,Turnigynano-tech2000mAh2040C,kde_direct_KDE2814XF_515,apc_propellers_6x4E
0.109,2000.0,0.125,0.01193,337.94,3227.09,6.6,1.88,0.04,17.84,2.7,83.66,1026.15,9799.02,22.15,18.04,0.44,560.0,25.28,84.64,1025.82,9795.88,22.14,18.04,0.44,559.35,25.26,84.64,532.0,24.0,80.0,40.0,1.0039524,7.52,7.490395,148.14815,Turnigynano-tech2000mAh2040C,kde_direct_KDE2814XF_515,apc_propellers_10x4_7SF
0.109,2000.0,0.125,0.01787,326.98,3122.46,6.6,2.99,0.07,28.7,4.35,85.0,879.22,8395.96,19.8,24.82,0.49,560.0,28.29,81.25,830.52,7930.87,18.52,19.53,0.44,467.87,25.26,81.93,532.0,24.0,80.0,40.0,1.0277123,11.96,11.637498,91.954025,Turnigynano-tech2000mAh2040C,kde_direct_KDE2814XF_515,apc_propellers_12x3_8SF
0.109,2000.0,0.125,0.00313,353.57,3376.31,6.6,0.06,0.0,2.35,0.36,11.37,4458.17,42572.39,83.49,0.0,0.11,560.0,6.71,94.13,7396.67,70633.03,140.27,0.0,0.44,3543.7,25.26,96.33,532.0,24.0,80.0,40.0,0.9687524,0.24,0.24774133,1111.1111,Turnigynano-tech2000mAh2040C,kde_direct_KDE2814XF_515,apc_propellers_4_1x4_1E
0.109,2000.0,0.125,0.02399,322.61,3080.71,6.6,3.44,0.08,33.03,5.0,84.72,770.91,7361.66,18.11,23.2,0.54,560.0,30.92,77.93,713.61,6814.45,16.35,17.78,0.44,413.1,25.26,79.73,532.0,24.0,80.0,40.0,1.0521923,13.76,13.077456,80.0,Turnigynano-tech2000mAh2040C,kde_direct_KDE2814XF_515,apc_propellers_13x5_5MR
0.109,2000.0,0.125,0.00907,343.31,3278.34,6.6,1.33,0.03,12.52,1.9,80.21,1169.29,11165.87,24.5,17.8,0.4,560.0,22.85,87.06,1208.95,11544.63,25.54,17.81,0.44,645.14,25.26,86.49,532.0,24.0,80.0,40.0,0.99251235,5.32,5.3601346,210.52632,Turnigynano-tech2000mAh2040C,kde_direct_KDE2814XF_515,apc_propellers_9x4_7SF
0.109,2000.0,0.125,0.01701,338.16,3229.16,6.6,2.03,0.04,17.62,2.67,83.58,1036.1,9894.0,22.31,19.46,0.44,560.0,25.1,84.83,1038.84,9920.15,22.38,19.46,0.44,565.45,25.26,84.79,532.0,24.0,80.0,40.0,1.0242723,8.12,7.927579,149.81273,Turnigynano-tech2000mAh2040C,kde_direct_KDE2814XF_515,apc_propellers_11x4_5MR
0.109,2000.0,0.125,0.02998,323.57,3089.82,6.6,3.3,0.08,32.08,4.86,84.8,783.76,7484.31,18.31,22.11,0.53,560.0,30.58,78.37,735.35,7022.1,16.76,22.09,0.44,423.29,25.26,80.18,532.0,24.0,80.0,40.0,1.0761523,13.2,12.265922,82.30453,Turnigynano-tech2000mAh2040C,kde_direct_KDE2814XF_515,apc_propellers_13x6_5E
0.109,2000.0,0.125,0.01796,346.61,3309.87,6.6,1.06,0.02,9.25,1.4,75.26,1370.3,13085.36,27.89,18.93,0.35,560.0,20.08,89.47,1493.25,14259.5,30.81,21.74,0.44,778.32,25.26,88.55,532.0,24.0,80.0,40.0,1.0280724,4.24,4.124223,285.7143,Turnigynano-tech2000mAh2040C,kde_direct_KDE2814XF_515,apc_propellers_9x4_5E
0.109,2000.0,0.125,0.01107,346.48,3308.68,6.6,1.07,0.02,9.37,1.42,75.52,1336.99,12767.28,27.32,16.48,0.35,560.0,20.5,89.13,1433.54,13689.27,29.7,19.11,0.44,750.34,25.26,88.17,532.0,24.0,80.0,40.0,1.0005124,4.28,4.277808,281.69016,Turnigynano-tech2000mAh2040C,kde_direct_KDE2814XF_515,apc_propellers_9x4_5MR
0.109,2000.0,0.125,0.03007,313.92,2997.74,6.6,4.24,0.11,41.64,6.31,83.59,695.55,6642.06,16.97,23.15,0.57,560.0,33.0,75.09,623.06,5949.81,14.67,17.03,0.44,370.69,25.26,77.57,532.0,24.0,80.0,40.0,1.0765123,16.96,15.75458,63.39144,Turnigynano-tech2000mAh2040C,kde_direct_KDE2814XF_515,apc_propellers_14x5_5MR
0.109,2000.0,0.125,0.02409,326.88,3121.52,6.6,3.19,0.07,28.79,4.36,84.99,853.94,8154.5,19.4,26.55,0.5,560.0,28.87,80.55,804.34,7680.88,18.03,20.99,0.44,455.6,25.26,81.48,532.0,24.0,80.0,40.0,1.0525924,12.76,12.122452,91.74312,Turnigynano-tech2000mAh2040C,kde_direct_KDE2814XF_515,apc_propellers_13x4_5MR
0.109,2000.0,0.125,0.04395,294.12,2808.63,6.6,5.92,0.16,61.26,9.28,79.64,578.49,5524.17,15.26,27.01,0.64,560.0,36.7,69.53,487.12,4651.69,12.15,18.75,0.44,307.01,25.26,73.23,532.0,24.0,80.0,40.0,1.1320324,23.68,20.91813,43.103447,Turnigynano-tech2000mAh2040C,kde_direct_KDE2814XF_515,apc_propellers_16x5_5MR
0.109,2000.0,0.125,0.01501,331.13,3162.1,6.6,2.53,0.06,24.58,3.72,84.95,911.09,8700.3,20.3,20.49,0.48,560.0,27.59,82.08,875.28,8358.32,19.35,20.52,0.44,488.84,25.26,82.64,532.0,24.0,80.0,40.0,1.0162723,10.12,9.95796,107.52688,Turnigynano-tech2000mAh2040C,kde_direct_KDE2814XF_515,apc_propellers_11x4_7SF
0.109,2000.0,0.125,0.02214,328.72,3139.07,6.6,2.85,0.07,26.97,4.09,85.02,834.88,7972.55,19.1,18.54,0.51,560.0,29.32,79.99,790.28,7546.63,17.77,18.53,0.44,449.02,25.26,81.23,532.0,24.0,80.0,40.0,1.0447924,11.4,10.911259,97.799515,Turnigynano-tech2000mAh2040C,kde_direct_KDE2814XF_515,apc_propellers_12x5_5MR
0.109,2000.0,0.125,0.01701,335.66,3205.35,6.6,2.17,0.05,20.09,3.04,84.33,944.32,9017.6,20.83,21.11,0.47,560.0,26.88,82.88,924.73,8830.56,20.27,17.11,0.44,512.0,25.26,83.36,532.0,24.0,80.0,40.0,1.0242723,8.68,8.474309,131.57895,Turnigynano-tech2000mAh2040C,kde_direct_KDE2814XF_515,apc_propellers_11x5_5MR
0.109,2000.0,0.125,0.00907,349.33,3335.81,6.6,0.7,0.01,6.56,0.99,66.79,1585.43,15139.75,31.59,16.07,0.31,560.0,17.73,91.2,1757.37,16781.66,35.71,18.15,0.44,902.04,25.26,89.92,532.0,24.0,80.0,40.0,0.99251235,2.8,2.8211236,404.0404,Turnigynano-tech2000mAh2040C,kde_direct_KDE2814XF_515,apc_propellers_8x4_5MR
0.109,2000.0,0.125,0.00798,350.87,3350.57,6.6,0.45,0.01,5.03,0.76,57.56,1837.98,17551.41,36.0,13.09,0.27,560.0,15.55,92.53,2072.06,19786.67,41.54,16.17,0.44,1049.45,25.26,91.12,532.0,24.0,80.0,40.0,0.9881524,1.8,1.8215815,526.3158,Turnigynano-tech2000mAh2040C,kde_direct_KDE2814XF_515,apc_propellers_7x5E
0.109,2000.0,0.125,0.03602,303.35,2896.82,6.6,5.15,0.13,52.11,7.9,81.63,625.61,5974.16,15.94,22.09,0.61,560.0,35.13,71.96,541.8,5173.8,13.17,22.09,0.44,332.62,25.26,75.18,532.0,24.0,80.0,40.0,1.1003124,20.6,18.721956,50.63291,Turnigynano-tech2000mAh2040C,kde_direct_KDE2814XF_515,apc_propellers_15x5_5MR
0.109,2000.0,0.125,0.01501,342.57,3271.28,6.6,1.53,0.03,13.25,2.01,80.92,1157.6,11054.26,24.31,20.6,0.4,560.0,23.04,86.89,1197.97,11439.75,25.33,20.6,0.44,639.99,25.26,86.39,532.0,24.0,80.0,40.0,1.0162723,6.12,6.022008,199.00497,Turnigynano-tech2000mAh2040C,kde_direct_KDE2814XF_515,apc_propellers_10x4_5MR
0.109,2000.0,0.125,0.00798,351.33,3354.94,6.6,0.43,0.01,4.57,0.69,53.58,1954.76,18666.61,38.06,13.87,0.25,560.0,14.71,92.97,2297.48,21939.27,45.72,18.6,0.44,1155.05,25.26,91.8,532.0,24.0,80.0,40.0,0.9881524,1.72,1.7406223,579.71014,Turnigynano-tech2000mAh2040C,kde_direct_KDE2814XF_515,apc_propellers_7x4E
0.109,2000.0,0.125,0.00513,351.19,3353.66,6.6,0.44,0.01,4.7,0.71,54.83,1909.01,18229.67,37.25,14.09,0.26,560.0,15.03,92.81,2216.9,21169.85,44.23,18.89,0.44,1117.3,25.26,91.57,532.0,24.0,80.0,40.0,0.97675234,1.76,1.8018897,563.3803,Turnigynano-tech2000mAh2040C,kde_direct_KDE2814XF_515,apc_propellers_7x4SF
0.109,2000.0,0.125,0.00499,353.01,3371.03,6.6,0.14,0.0,2.9,0.44,27.89,3133.62,29923.88,59.27,10.93,0.16,560.0,9.45,94.54,3851.97,36783.56,74.54,0.0,0.44,1883.23,25.26,94.4,532.0,24.0,80.0,40.0,0.97619236,0.56,0.57365745,909.0909,Turnigynano-tech2000mAh2040C,kde_direct_KDE2814XF_515,apc_propellers_5x7_5E
0.109,2000.0,0.125,0.045,321.79,3072.86,6.6,3.74,0.08,33.84,5.13,84.64,820.51,7835.32,18.88,25.39,0.52,560.0,29.66,79.55,759.03,7248.22,17.19,25.34,0.44,434.38,25.26,80.65,532.0,24.0,80.0,40.0,1.1362324,14.96,13.166321,77.97271,Turnigynano-tech2000mAh2040C,kde_direct_KDE2814XF_515,apc_propellers_15x4E
0.109,2000.0,0.125,0.00798,350.49,3346.95,6.6,0.46,0.01,5.4,0.82,60.34,1776.09,16960.44,34.91,11.9,0.28,560.0,16.04,92.26,1955.03,18669.15,39.37,14.86,0.44,994.63,25.26,90.72,532.0,24.0,80.0,40.0,0.9881524,1.84,1.862061,487.80487,Turnigynano-tech2000mAh2040C,kde_direct_KDE2814XF_515,apc_propellers_7x6E
0.109,2000.0,0.125,0.01501,334.13,3190.66,6.6,2.32,0.05,21.62,3.28,84.63,994.28,9494.7,21.63,22.72,0.45,560.0,25.89,83.99,982.86,9385.62,21.34,22.75,0.44,539.23,25.26,84.12,532.0,24.0,80.0,40.0,1.0162723,9.28,9.131411,121.95122,Turnigynano-tech2000mAh2040C,kde_direct_KDE2814XF_515,apc_propellers_11x3_8SF
0.109,2000.0,0.175,0.00313,327.0,3122.63,6.6,0.09,0.0,1.72,0.26,19.28,3838.32,36653.21,78.06,17.6,0.17,701.05,8.98,96.52,4925.7,47036.99,102.18,0.0,0.6,3226.59,31.58,96.25,666.0,30.0,80.0,40.0,1.1687523,0.36,0.30802077,1538.4615,Turnigynano-tech2000mAh2040C,kde_direct_KDE3510XF_475,apc_propellers_5x3E
0.109,2000.0,0.175,0.01193,318.94,3045.65,6.6,1.51,0.03,12.45,1.89,86.29,1228.31,11729.47,27.26,23.38,0.49,701.05,25.72,89.83,1358.67,12974.31,30.46,27.41,0.6,962.03,31.58,89.05,666.0,30.0,80.0,40.0,1.2039523,6.04,5.01681,211.64021,Turnigynano-tech2000mAh2040C,kde_direct_KDE3510XF_475,apc_propellers_10x3_8SF
0.109,2000.0,0.175,0.00399,326.75,3120.19,6.6,0.14,0.0,2.06,0.31,32.47,3147.93,30060.54,64.37,13.4,0.2,701.05,10.89,96.39,3695.68,35291.16,77.45,18.07,0.6,2445.7,31.58,95.28,666.0,30.0,80.0,40.0,1.1721923,0.56,0.47773728,1290.3226,Turnigynano-tech2000mAh2040C,kde_direct_KDE3510XF_475,apc_propellers_5_5x4_5E
0.109,2000.0,0.175,0.00708,323.96,3093.61,6.6,0.71,0.01,5.77,0.87,74.89,1613.92,15411.77,34.47,0.0,0.38,701.05,20.34,93.12,1872.01,17876.38,40.78,0.0,0.6,1287.93,31.58,91.64,666.0,30.0,80.0,40.0,1.1845523,2.84,2.39753,459.7701,Turnigynano-tech2000mAh2040C,kde_direct_KDE3510XF_475,apc_propellers_8x3_8SF
0.109,2000.0,0.175,0.00907,321.84,3073.37,6.6,1.07,0.02,8.59,1.3,82.15,1406.67,13432.7,30.57,22.16,0.43,701.05,22.93,91.65,1631.12,15576.08,35.94,28.92,0.6,1135.0,31.58,90.61,666.0,30.0,80.0,40.0,1.1925124,4.28,3.5890613,307.69232,Turnigynano-tech2000mAh2040C,kde_direct_KDE3510XF_475,apc_propellers_9x3_8SF
0.109,2000.0,0.175,0.00513,326.57,3118.54,6.6,0.19,0.0,2.29,0.35,39.2,2776.17,26510.48,57.04,14.17,0.23,701.05,12.29,96.16,3278.99,31312.04,69.07,23.8,0.6,2181.16,31.58,94.79,666.0,30.0,80.0,40.0,1.1767523,0.76,0.6458453,1142.8572,Turnigynano-tech2000mAh2040C,kde_direct_KDE3510XF_475,apc_propellers_6x4E
0.109,2000.0,0.175,0.00313,327.09,3123.5,6.6,0.05,0.0,1.6,0.24,13.22,4743.39,45296.08,96.09,0.0,0.14,701.05,7.3,96.36,8807.75,84107.82,180.22,0.0,0.6,5691.13,31.58,97.58,666.0,30.0,80.0,40.0,1.1687523,0.2,0.17112266,1666.6666,Turnigynano-tech2000mAh2040C,kde_direct_KDE3510XF_475,apc_propellers_4_1x4_1E
0.109,2000.0,0.175,0.01796,322.95,3083.94,6.6,0.92,0.02,7.11,1.08,79.14,1467.59,14014.44,31.71,21.73,0.42,701.05,22.11,92.14,1668.3,15931.11,36.69,24.77,0.6,1158.61,31.58,90.79,666.0,30.0,80.0,40.0,1.2280724,3.68,2.996566,370.37036,Turnigynano-tech2000mAh2040C,kde_direct_KDE3510XF_475,apc_propellers_9x4_5E
0.109,2000.0,0.175,0.01107,322.87,3083.19,6.6,0.93,0.02,7.22,1.09,79.4,1423.74,13595.74,30.89,19.1,0.43,701.05,22.7,91.79,1584.61,15131.94,35.01,24.95,0.6,1105.48,31.58,90.38,666.0,30.0,80.0,40.0,1.2005124,3.72,3.098677,366.97247,Turnigynano-tech2000mAh2040C,kde_direct_KDE3510XF_475,apc_propellers_9x4_5MR
0.109,2000.0,0.175,0.00907,324.58,3099.46,6.6,0.6,0.01,4.95,0.75,71.1,1676.16,16006.18,35.66,18.14,0.37,701.05,19.66,93.47,1920.81,18342.39,41.77,22.66,0.6,1318.91,31.58,91.82,666.0,30.0,80.0,40.0,1.1925124,2.4,2.0125577,533.3333,Turnigynano-tech2000mAh2040C,kde_direct_KDE3510XF_475,apc_propellers_8x4_5MR
0.109,2000.0,0.175,0.00798,325.5,3108.3,6.6,0.39,0.01,3.72,0.56,62.09,1927.63,18407.54,40.48,14.59,0.33,701.05,17.32,94.55,2241.46,21404.38,48.21,19.56,0.6,1522.48,31.58,92.83,666.0,30.0,80.0,40.0,1.1881523,1.56,1.3129629,714.2857,Turnigynano-tech2000mAh2040C,kde_direct_KDE3510XF_475,apc_propellers_7x5E
0.109,2000.0,0.175,0.01501,320.49,3060.46,6.6,1.34,0.03,10.38,1.57,84.54,1241.02,11850.86,27.49,20.61,0.48,701.05,25.5,89.98,1341.64,12811.68,30.12,24.19,0.6,951.22,31.58,88.93,666.0,30.0,80.0,40.0,1.2162724,5.36,4.4069076,254.77707,Turnigynano-tech2000mAh2040C,kde_direct_KDE3510XF_475,apc_propellers_10x4_5MR
0.109,2000.0,0.175,0.00798,325.77,3110.89,6.6,0.37,0.01,3.36,0.51,58.16,2068.08,19748.74,43.2,15.37,0.31,701.05,16.23,94.99,2503.23,23904.12,53.47,22.14,0.6,1688.67,31.58,93.46,666.0,30.0,80.0,40.0,1.1881523,1.48,1.2456315,784.3137,Turnigynano-tech2000mAh2040C,kde_direct_KDE3510XF_475,apc_propellers_7x4E
0.109,2000.0,0.175,0.00513,325.69,3110.15,6.6,0.38,0.01,3.46,0.52,59.37,2016.15,19252.81,42.19,15.62,0.31,701.05,16.62,94.84,2411.73,23030.37,51.63,22.46,0.6,1630.58,31.58,93.26,666.0,30.0,80.0,40.0,1.1767523,1.52,1.2916906,769.2308,Turnigynano-tech2000mAh2040C,kde_direct_KDE3510XF_475,apc_propellers_7x4SF
0.109,2000.0,0.175,0.00798,325.27,3106.15,6.6,0.4,0.01,4.02,0.61,64.82,1851.24,17678.04,39.01,13.33,0.34,701.05,17.97,94.27,2096.31,20018.31,45.29,18.14,0.6,1430.33,31.58,92.41,666.0,30.0,80.0,40.0,1.1881523,1.6,1.3466287,655.73773,Turnigynano-tech2000mAh2040C,kde_direct_KDE3510XF_475,apc_propellers_7x6E
0.109,2000.0,0.119,0.02495,375.53,3586.01,6.6,7.5,0.2,97.04,14.7,83.16,645.01,6159.43,12.38,28.63,0.6,521.05,42.1,78.01,475.59,4541.51,8.64,14.58,0.33,200.06,23.16,81.55,495.0,22.0,80.0,40.0,1.0320324,30.0,29.068855,27.210884,Turnigynano-tech2000mAh2040C,t_motor_MN3510KV630,apc_propellers_14x4_7SF
0.109,2000.0,0.119,0.00313,432.8,4132.96,6.6,0.16,0.0,4.25,0.64,18.14,3645.21,34809.23,55.83,11.15,0.13,521.05,9.33,93.39,4381.46,41839.88,67.84,17.61,0.33,1571.09,23.16,95.67,495.0,22.0,80.0,40.0,0.94475234,0.64,0.6774262,625.0,Turnigynano-tech2000mAh2040C,t_motor_MN3510KV630,apc_propellers_5x3E
0.109,2000.0,0.119,0.02214,387.1,3696.55,6.6,6.22,0.16,78.29,11.86,84.96,708.31,6763.85,13.18,22.31,0.56,521.05,39.54,80.39,544.74,5201.89,9.69,16.41,0.33,224.33,23.16,83.3,495.0,22.0,80.0,40.0,1.0207924,24.88,24.373222,33.726814,Turnigynano-tech2000mAh2040C,t_motor_MN3510KV630,apc_propellers_13x4_7SF
0.109,2000.0,0.119,0.01193,418.0,3991.65,6.6,2.58,0.05,28.22,4.28,84.18,1114.54,10643.07,18.62,19.66,0.4,521.05,27.98,89.01,1018.9,9729.82,16.87,16.24,0.33,390.77,23.16,89.45,495.0,22.0,80.0,40.0,0.97995234,10.32,10.531124,93.45795,Turnigynano-tech2000mAh2040C,t_motor_MN3510KV630,apc_propellers_10x3_8SF
0.109,2000.0,0.119,0.01787,398.65,3806.86,6.6,4.96,0.12,59.57,9.03,86.22,797.3,7613.7,14.33,21.93,0.52,521.05,36.36,83.11,643.08,6140.97,11.18,16.82,0.33,258.85,23.16,85.22,495.0,22.0,80.0,40.0,1.0037123,19.84,19.766619,44.296787,Turnigynano-tech2000mAh2040C,t_motor_MN3510KV630,apc_propellers_12x4_7SF
0.109,2000.0,0.119,0.00399,432.32,4128.32,6.6,0.24,0.0,5.04,0.76,30.8,2994.53,28595.64,46.09,11.73,0.16,521.05,11.31,93.9,3383.96,32314.43,52.72,15.19,0.33,1220.95,23.16,95.08,495.0,22.0,80.0,40.0,0.94819236,0.96,1.0124528,526.3158,Turnigynano-tech2000mAh2040C,t_motor_MN3510KV630,apc_propellers_5_5x4_5E
0.109,2000.0,0.119,0.00708,427.05,4077.99,6.6,1.23,0.02,13.57,2.06,72.98,1483.71,14168.4,23.84,16.61,0.31,521.05,21.86,92.07,1519.27,14508.0,24.46,16.62,0.33,566.41,23.16,92.01,495.0,22.0,80.0,40.0,0.96055233,4.92,5.122053,194.17476,Turnigynano-tech2000mAh2040C,t_motor_MN3510KV630,apc_propellers_8x3_8SF
0.109,2000.0,0.119,0.00907,423.18,4041.1,6.6,1.84,0.04,19.83,3.0,80.17,1281.72,12239.55,20.96,19.04,0.35,521.05,24.86,90.72,1241.8,11858.29,20.25,16.2,0.33,469.01,23.16,90.83,495.0,22.0,80.0,40.0,0.96851236,7.36,7.5992837,133.33333,Turnigynano-tech2000mAh2040C,t_motor_MN3510KV630,apc_propellers_9x3_8SF
0.109,2000.0,0.119,0.02,421.28,4022.96,6.6,2.19,0.04,22.91,3.47,82.08,1176.78,11237.44,19.49,19.52,0.38,521.05,26.74,89.73,1116.81,10664.77,18.36,16.42,0.33,425.14,23.16,90.11,495.0,22.0,80.0,40.0,1.0122323,8.76,8.6541395,115.27377,Turnigynano-tech2000mAh2040C,t_motor_MN3510KV630,apc_propellers_10x5E
0.109,2000.0,0.119,0.00708,425.93,4067.37,6.6,1.32,0.03,15.38,2.33,75.72,1334.21,12740.75,21.71,15.61,0.34,521.05,24.01,91.13,1317.91,12585.14,21.41,15.61,0.33,495.73,23.16,91.2,495.0,22.0,80.0,40.0,0.96055233,5.28,5.496837,171.67381,Turnigynano-tech2000mAh2040C,t_motor_MN3510KV630,apc_propellers_8x4_7SF
0.109,2000.0,0.119,0.01501,418.56,3996.99,6.6,2.46,0.05,27.32,4.14,83.9,1054.48,10069.54,17.79,18.59,0.41,521.05,29.29,88.22,979.57,9354.24,16.28,15.37,0.33,376.96,23.16,89.14,495.0,22.0,80.0,40.0,0.9922724,9.84,9.916633,96.618355,Turnigynano-tech2000mAh2040C,t_motor_MN3510KV630,apc_propellers_10x5_5MR
0.109,2000.0,0.119,0.02998,410.41,3919.12,6.6,3.96,0.08,40.53,6.14,86.18,966.65,9230.8,16.59,25.72,0.44,521.05,31.41,86.83,837.31,7995.72,14.12,16.5,0.33,327.03,23.16,87.83,495.0,22.0,80.0,40.0,1.0521524,15.84,15.054853,65.14658,Turnigynano-tech2000mAh2040C,t_motor_MN3510KV630,apc_propellers_13x4E
0.109,2000.0,0.119,0.02214,409.03,3905.92,6.6,4.01,0.09,42.77,6.48,86.31,917.39,8760.44,15.93,21.3,0.46,521.05,32.72,85.91,787.45,7519.6,13.37,16.83,0.33,309.53,23.16,87.27,495.0,22.0,80.0,40.0,1.0207924,16.04,15.713284,61.728394,Turnigynano-tech2000mAh2040C,t_motor_MN3510KV630,apc_propellers_12x4_5MR
0.109,2000.0,0.119,0.00513,431.99,4125.16,6.6,0.33,0.0,5.57,0.84,37.35,2619.48,25014.15,40.5,13.14,0.18,521.05,12.87,94.03,2989.13,28544.11,46.74,16.35,0.33,1082.36,23.16,94.74,495.0,22.0,80.0,40.0,0.95275235,1.32,1.3854597,476.1905,Turnigynano-tech2000mAh2040C,t_motor_MN3510KV630,apc_propellers_6x4E
0.109,2000.0,0.119,0.01193,415.47,3967.4,6.6,2.84,0.06,32.34,4.9,85.17,1015.06,9693.12,17.25,18.05,0.43,521.05,30.2,87.63,906.77,8659.0,15.17,14.62,0.33,351.41,23.16,88.52,495.0,22.0,80.0,40.0,0.97995234,11.36,11.592401,81.63265,Turnigynano-tech2000mAh2040C,t_motor_MN3510KV630,apc_propellers_10x4_7SF
0.109,2000.0,0.119,0.01787,403.6,3854.12,6.6,4.54,0.1,51.56,7.81,86.45,871.14,8318.74,15.31,24.84,0.48,521.05,34.04,84.93,718.28,6859.03,12.32,14.96,0.33,285.24,23.16,86.38,495.0,22.0,80.0,40.0,1.0037123,18.16,18.092833,51.21639,Turnigynano-tech2000mAh2040C,t_motor_MN3510KV630,apc_propellers_12x3_8SF
0.109,2000.0,0.119,0.00313,432.98,4134.61,6.6,0.08,0.0,3.97,0.6,12.39,4360.61,41640.73,66.58,0.0,0.11,521.05,7.83,92.6,6471.65,61799.73,99.52,0.0,0.33,2304.79,23.16,96.32,495.0,22.0,80.0,40.0,0.94475234,0.32,0.3387131,666.6667,Turnigynano-tech2000mAh2040C,t_motor_MN3510KV630,apc_propellers_4_1x4_1E
0.109,2000.0,0.119,0.02399,398.36,3804.05,6.6,5.25,0.12,60.05,9.1,86.2,767.09,7325.17,13.94,23.2,0.53,521.05,37.39,82.26,637.9,6091.5,11.1,17.75,0.33,257.03,23.16,85.14,495.0,22.0,80.0,40.0,1.0281924,21.0,20.424194,43.956043,Turnigynano-tech2000mAh2040C,t_motor_MN3510KV630,apc_propellers_13x5_5MR
0.109,2000.0,0.119,0.00907,421.42,4024.27,6.6,2.0,0.04,22.69,3.44,81.97,1156.53,11044.09,19.21,17.81,0.38,521.05,27.13,89.51,1083.37,10345.39,17.85,14.97,0.33,413.4,23.16,89.9,495.0,22.0,80.0,40.0,0.96851236,8.0,8.260091,116.27907,Turnigynano-tech2000mAh2040C,t_motor_MN3510KV630,apc_propellers_9x4_7SF
0.109,2000.0,0.119,0.01701,415.57,3968.37,6.6,3.07,0.06,32.17,4.87,85.13,1024.95,9787.51,17.39,19.46,0.42,521.05,29.97,87.79,921.97,8804.12,15.4,15.76,0.33,356.74,23.16,88.66,495.0,22.0,80.0,40.0,1.0002724,12.28,12.276656,82.13552,Turnigynano-tech2000mAh2040C,t_motor_MN3510KV630,apc_propellers_11x4_5MR
0.109,2000.0,0.119,0.00513,431.61,4121.61,6.6,0.34,0.01,6.17,0.94,43.35,2532.44,24183.02,39.21,12.34,0.18,521.05,13.29,94.03,2761.41,26369.5,43.29,14.39,0.33,1002.42,23.16,94.5,495.0,22.0,80.0,40.0,0.95275235,1.36,1.4274434,425.53192,Turnigynano-tech2000mAh2040C,t_motor_MN3510KV630,apc_propellers_6x6E
0.109,2000.0,0.119,0.01107,425.03,4058.72,6.6,1.61,0.03,16.84,2.55,77.48,1320.12,12606.18,21.51,16.5,0.34,521.05,24.23,91.02,1300.11,12415.13,21.14,16.49,0.33,489.48,23.16,91.12,495.0,22.0,80.0,40.0,0.9765124,6.44,6.5948987,156.86275,Turnigynano-tech2000mAh2040C,t_motor_MN3510KV630,apc_propellers_9x4_5MR
0.109,2000.0,0.119,0.03007,388.57,3710.54,6.6,6.51,0.16,75.91,11.5,85.16,693.46,6622.07,12.99,23.15,0.57,521.05,40.12,79.87,551.29,5264.47,9.79,16.99,0.33,226.63,23.16,83.45,495.0,22.0,80.0,40.0,1.0525124,26.04,24.740803,34.782608,Turnigynano-tech2000mAh2040C,t_motor_MN3510KV630,apc_propellers_14x5_5MR
0.109,2000.0,0.119,0.02409,403.17,3849.99,6.6,4.86,0.11,52.25,7.92,86.44,847.31,8091.2,14.99,26.54,0.49,521.05,34.76,84.38,703.84,6721.21,12.1,16.07,0.33,280.18,23.16,86.18,495.0,22.0,80.0,40.0,1.0285923,19.44,18.899616,50.50505,Turnigynano-tech2000mAh2040C,t_motor_MN3510KV630,apc_propellers_13x4_5MR
0.109,2000.0,0.119,0.01501,408.0,3896.08,6.6,3.84,0.09,44.44,6.73,86.38,902.67,8619.84,15.73,20.5,0.47,521.05,33.13,85.61,764.69,7302.22,13.02,16.21,0.33,301.53,23.16,86.99,495.0,22.0,80.0,40.0,0.9922724,15.36,15.479621,59.435364,Turnigynano-tech2000mAh2040C,t_motor_MN3510KV630,apc_propellers_11x4_7SF
0.109,2000.0,0.119,0.02214,405.1,3868.39,6.6,4.33,0.1,49.13,7.44,86.46,829.61,7922.22,14.76,18.54,0.5,521.05,35.31,83.95,709.07,6771.1,12.18,14.19,0.33,282.01,23.16,86.25,495.0,22.0,80.0,40.0,1.0207924,17.32,16.96721,53.76344,Turnigynano-tech2000mAh2040C,t_motor_MN3510KV630,apc_propellers_12x5_5MR
0.109,2000.0,0.119,0.01701,412.73,3941.31,6.6,3.28,0.07,36.76,5.57,85.83,936.84,8946.17,16.19,17.11,0.46,521.05,32.19,86.29,837.76,8000.04,14.13,17.1,0.33,327.19,23.16,87.84,495.0,22.0,80.0,40.0,1.0002724,13.12,13.116427,71.813286,Turnigynano-tech2000mAh2040C,t_motor_MN3510KV630,apc_propellers_11x5_5MR
0.109,2000.0,0.119,0.00907,428.24,4089.4,6.6,1.05,0.02,11.64,1.76,69.0,1564.91,14943.75,25.01,14.14,0.29,521.05,20.84,92.46,1614.24,15414.83,25.9,16.09,0.33,599.74,23.16,92.33,495.0,22.0,80.0,40.0,0.96851236,4.2,4.336548,227.27272,Turnigynano-tech2000mAh2040C,t_motor_MN3510KV630,apc_propellers_8x4_5MR
0.109,2000.0,0.119,0.00798,429.95,4105.75,6.6,0.68,0.01,8.86,1.34,60.05,1815.73,17338.92,28.65,13.1,0.25,521.05,18.19,93.3,1926.51,18396.78,30.63,14.6,0.33,709.36,23.16,93.16,495.0,22.0,80.0,40.0,0.96415234,2.72,2.821131,298.50748,Turnigynano-tech2000mAh2040C,t_motor_MN3510KV630,apc_propellers_7x5E
0.109,2000.0,0.119,0.03602,376.44,3594.78,6.6,7.95,0.2,95.55,14.48,83.31,625.21,5970.33,12.13,22.16,0.61,521.05,42.96,77.17,475.34,4539.19,8.64,15.37,0.33,199.97,23.16,81.54,495.0,22.0,80.0,40.0,1.0763123,31.8,29.545326,27.62431,Turnigynano-tech2000mAh2040C,t_motor_MN3510KV630,apc_propellers_15x5_5MR
0.109,2000.0,0.119,0.01501,420.58,4016.22,6.6,2.31,0.04,24.05,3.64,82.64,1143.91,10923.55,19.03,17.35,0.39,521.05,27.38,89.36,1072.97,10246.1,17.69,17.33,0.33,409.75,23.16,89.83,495.0,22.0,80.0,40.0,0.9922724,9.24,9.311959,109.89011,Turnigynano-tech2000mAh2040C,t_motor_MN3510KV630,apc_propellers_10x4_5MR
0.109,2000.0,0.119,0.00798,430.47,4110.65,6.6,0.65,0.01,8.03,1.22,56.11,1925.04,18382.79,30.24,13.88,0.24,521.05,17.23,93.53,2107.09,20121.21,33.37,16.95,0.33,772.74,23.16,93.54,495.0,22.0,80.0,40.0,0.96415234,2.6,2.6966693,327.86887,Turnigynano-tech2000mAh2040C,t_motor_MN3510KV630,apc_propellers_7x4E
0.109,2000.0,0.119,0.00513,430.3,4109.1,6.6,0.66,0.01,8.3,1.26,57.45,1881.68,17968.68,29.61,12.77,0.25,521.05,17.6,93.45,2039.24,19473.27,32.34,15.72,0.33,748.93,23.16,93.41,495.0,22.0,80.0,40.0,0.95275235,2.64,2.7709193,317.46033,Turnigynano-tech2000mAh2040C,t_motor_MN3510KV630,apc_propellers_7x4SF
0.109,2000.0,0.119,0.00499,432.36,4128.7,6.6,0.21,0.0,4.97,0.75,29.91,3055.29,29175.9,47.0,10.93,0.15,521.05,11.09,93.87,3513.75,33553.81,54.69,14.04,0.33,1266.51,23.16,95.17,495.0,22.0,80.0,40.0,0.95219237,0.84,0.8821747,533.3333,Turnigynano-tech2000mAh2040C,t_motor_MN3510KV630,apc_propellers_5x7_5E
0.109,2000.0,0.119,0.045,398.09,3801.45,6.6,5.73,0.12,60.49,9.17,86.17,814.46,7777.53,14.56,25.38,0.51,521.05,35.8,83.57,658.03,6283.76,11.4,19.4,0.33,264.1,23.16,85.47,495.0,22.0,80.0,40.0,1.1122323,22.92,20.607204,43.620502,Turnigynano-tech2000mAh2040C,t_motor_MN3510KV630,apc_propellers_15x4E
0.109,2000.0,0.119,0.00798,429.53,4101.68,6.6,0.69,0.01,9.56,1.45,62.79,1757.92,16786.93,27.8,11.9,0.26,521.05,18.74,93.15,1836.09,17533.32,29.26,13.34,0.33,677.62,23.16,92.95,495.0,22.0,80.0,40.0,0.96415234,2.76,2.8626182,275.86206,Turnigynano-tech2000mAh2040C,t_motor_MN3510KV630,apc_propellers_7x6E
0.109,2000.0,0.119,0.01501,411.51,3929.67,6.6,3.5,0.08,38.74,5.87,86.03,983.07,9387.58,16.81,22.75,0.44,521.05,30.99,87.11,851.96,8135.65,14.34,18.47,0.33,332.17,23.16,87.98,495.0,22.0,80.0,40.0,0.9922724,14.0,14.10903,68.1431,Turnigynano-tech2000mAh2040C,t_motor_MN3510KV630,apc_propellers_11x3_8SF
0.109,2000.0,0.049,0.02495,436.03,4163.78,6.6,10.08,0.27,294.35,44.6,42.75,433.95,4143.93,6.55,14.54,0.27,289.47,44.18,42.85,324.62,3099.94,4.25,9.31,0.15,107.37,25.26,48.75,275.0,24.0,80.0,40.0,0.75203234,40.32,53.614716,8.96861,Turnigynano-tech2000mAh2040C,t_motor_AS2308KV1450,apc_propellers_14x4_7SF
0.109,2000.0,0.049,0.00313,974.76,9308.29,6.6,0.79,0.01,14.25,2.16,62.17,2976.09,28419.58,20.77,7.67,0.08,289.47,13.94,89.11,3777.24,36069.95,26.99,17.66,0.15,681.8,25.26,89.33,275.0,24.0,80.0,40.0,0.66475236,3.16,4.7536497,185.18518,Turnigynano-tech2000mAh2040C,t_motor_AS2308KV1450,apc_propellers_5x3E
0.109,2000.0,0.049,0.02214,480.62,4589.59,6.6,9.58,0.25,271.17,41.09,47.05,489.59,4675.24,6.79,11.37,0.26,289.47,42.64,46.63,374.74,3578.54,4.58,7.28,0.15,115.7,25.26,52.22,275.0,24.0,80.0,40.0,0.74079233,38.32,51.728397,9.734729,Turnigynano-tech2000mAh2040C,t_motor_AS2308KV1450,apc_propellers_13x4_7SF
0.109,2000.0,0.049,0.01193,696.3,6649.15,6.6,7.18,0.15,159.03,24.1,67.23,831.61,7941.33,8.37,10.4,0.21,289.47,34.59,63.97,712.87,6807.44,6.81,7.96,0.15,171.96,25.26,66.85,275.0,24.0,80.0,40.0,0.69995236,28.72,41.031364,16.597511,Turnigynano-tech2000mAh2040C,t_motor_AS2308KV1450,apc_propellers_10x3_8SF
0.109,2000.0,0.049,0.00399,958.14,9149.54,6.6,1.17,0.02,22.89,3.47,74.14,2397.53,22894.71,17.2,7.38,0.1,289.47,16.83,87.57,2983.79,28493.09,21.76,11.73,0.15,549.79,25.26,87.51,275.0,24.0,80.0,40.0,0.6681923,4.68,7.003971,115.27377,Turnigynano-tech2000mAh2040C,t_motor_AS2308KV1450,apc_propellers_5_5x4_5E
0.109,2000.0,0.049,0.00708,827.43,7901.36,6.6,4.63,0.08,90.85,13.77,77.89,1175.24,11222.73,10.13,10.67,0.17,289.47,28.58,74.33,1114.42,10641.9,9.45,8.97,0.15,238.77,25.26,75.26,275.0,24.0,80.0,40.0,0.68055236,18.52,27.21319,29.048656,Turnigynano-tech2000mAh2040C,t_motor_AS2308KV1450,apc_propellers_8x3_8SF
0.109,2000.0,0.049,0.00907,764.15,7297.09,6.6,5.98,0.11,123.75,18.75,73.08,985.63,9412.07,9.14,11.22,0.19,289.47,31.67,69.28,884.82,8449.41,7.94,9.09,0.15,200.57,25.26,71.13,275.0,24.0,80.0,40.0,0.6885124,23.92,34.74157,21.333334,Turnigynano-tech2000mAh2040C,t_motor_AS2308KV1450,apc_propellers_9x3_8SF
0.109,2000.0,0.049,0.00399,967.72,9241.03,6.6,0.82,0.01,17.91,2.71,68.85,2692.37,25710.25,19.0,6.46,0.09,289.47,15.23,88.53,3588.79,34270.46,25.75,11.71,0.15,650.45,25.26,88.97,275.0,24.0,80.0,40.0,0.6681923,3.28,4.9087663,147.60147,Turnigynano-tech2000mAh2040C,t_motor_AS2308KV1450,apc_propellers_5x5E
0.109,2000.0,0.049,0.02,736.05,7028.79,6.6,6.73,0.13,138.36,20.96,70.72,931.58,8895.95,8.86,11.06,0.2,289.47,32.65,67.56,814.43,7777.22,7.48,8.74,0.15,188.86,25.26,69.54,275.0,24.0,80.0,40.0,0.73223233,26.92,36.764286,19.08397,Turnigynano-tech2000mAh2040C,t_motor_AS2308KV1450,apc_propellers_10x5E
0.109,2000.0,0.049,0.00708,805.07,7687.87,6.6,4.74,0.09,102.48,15.53,76.3,1085.93,10369.9,9.66,15.71,0.18,289.47,29.97,72.13,1020.79,9747.86,8.83,8.03,0.15,223.19,25.26,73.75,275.0,24.0,80.0,40.0,0.68055236,18.96,27.859722,25.7566,Turnigynano-tech2000mAh2040C,t_motor_AS2308KV1450,apc_propellers_8x4_7SF
0.109,2000.0,0.049,0.02998,629.16,6008.07,6.6,9.38,0.18,193.93,29.38,61.12,707.78,6758.79,7.77,12.81,0.23,289.47,37.24,58.7,578.89,5528.01,5.92,9.39,0.15,149.67,25.26,62.37,275.0,24.0,80.0,40.0,0.77215236,37.52,48.591446,13.614704,Turnigynano-tech2000mAh2040C,t_motor_AS2308KV1450,apc_propellers_13x4E
0.109,2000.0,0.049,0.02214,613.32,5856.82,6.6,9.07,0.19,202.17,30.63,59.64,678.02,6474.62,7.63,12.94,0.23,289.47,37.91,57.28,554.09,5291.21,5.76,9.5,0.15,145.54,25.26,61.39,275.0,24.0,80.0,40.0,0.74079233,36.28,48.974586,13.0590925,Turnigynano-tech2000mAh2040C,t_motor_AS2308KV1450,apc_propellers_12x4_5MR
0.109,2000.0,0.049,0.00513,947.31,9046.13,6.6,1.6,0.02,28.52,4.32,77.49,2147.45,20506.64,15.69,8.6,0.11,289.47,18.46,86.36,2530.61,24165.56,18.78,12.19,0.15,474.39,25.26,86.02,275.0,24.0,80.0,40.0,0.6727524,6.4,9.513159,92.59259,Turnigynano-tech2000mAh2040C,t_motor_AS2308KV1450,apc_propellers_6x4E
0.109,2000.0,0.049,0.01193,666.65,6366.01,6.6,7.32,0.16,174.45,26.43,64.56,766.25,7317.19,8.05,11.55,0.22,289.47,35.95,61.32,652.93,6235.0,6.41,8.85,0.15,161.99,25.26,64.99,275.0,24.0,80.0,40.0,0.69995236,29.28,41.831417,15.134317,Turnigynano-tech2000mAh2040C,t_motor_AS2308KV1450,apc_propellers_10x4_7SF
0.109,2000.0,0.049,0.01787,571.97,5461.93,6.6,9.02,0.21,223.67,33.89,55.76,617.88,5900.29,7.36,10.86,0.24,289.47,39.34,54.21,490.65,4685.33,5.34,7.55,0.15,134.99,25.26,58.61,275.0,24.0,80.0,40.0,0.7237124,36.08,49.85406,11.802892,Turnigynano-tech2000mAh2040C,t_motor_AS2308KV1450,apc_propellers_12x3_8SF
0.109,2000.0,0.049,0.00313,981.01,9367.96,6.6,0.42,0.01,11.0,1.67,52.14,3520.88,33621.93,24.19,5.58,0.07,289.47,11.97,89.62,4944.73,47218.65,34.68,0.0,0.15,876.04,25.26,91.01,275.0,24.0,80.0,40.0,0.66475236,1.68,2.527257,239.52097,Turnigynano-tech2000mAh2040C,t_motor_AS2308KV1450,apc_propellers_4_1x4_1E
0.109,2000.0,0.049,0.02399,540.73,5163.57,6.6,9.71,0.22,239.91,36.35,52.8,568.2,5425.87,7.13,13.14,0.25,289.47,40.58,51.44,446.3,4261.89,5.05,9.11,0.15,127.61,25.26,56.39,275.0,24.0,80.0,40.0,0.74819237,38.84,51.911785,11.004127,Turnigynano-tech2000mAh2040C,t_motor_AS2308KV1450,apc_propellers_13x5_5MR
0.109,2000.0,0.049,0.00907,737.85,7045.92,6.6,6.16,0.13,137.43,20.82,70.87,902.76,8620.7,8.72,10.05,0.2,289.47,33.19,66.58,805.59,7692.8,7.42,7.95,0.15,187.39,25.26,69.32,275.0,24.0,80.0,40.0,0.6885124,24.64,35.787304,19.212296,Turnigynano-tech2000mAh2040C,t_motor_AS2308KV1450,apc_propellers_9x4_7SF
0.109,2000.0,0.049,0.01701,672.95,6426.24,6.6,8.06,0.16,171.17,25.93,65.13,782.73,7474.56,8.13,12.49,0.22,289.47,35.6,62.01,663.68,6337.69,6.48,9.56,0.15,163.78,25.26,65.34,275.0,24.0,80.0,40.0,0.72027236,32.24,44.760845,15.426147,Turnigynano-tech2000mAh2040C,t_motor_AS2308KV1450,apc_propellers_11x4_5MR
0.109,2000.0,0.049,0.01796,793.29,7575.33,6.6,5.58,0.1,108.6,16.45,75.41,1076.26,10277.49,9.61,11.76,0.18,289.47,30.13,71.87,995.23,9503.77,8.67,9.73,0.15,218.94,25.26,73.3,275.0,24.0,80.0,40.0,0.72407234,22.32,30.82565,24.316109,Turnigynano-tech2000mAh2040C,t_motor_AS2308KV1450,apc_propellers_9x4_5E
0.109,2000.0,0.049,0.01107,791.12,7554.59,6.6,5.59,0.1,109.73,16.63,75.24,1074.81,10263.68,9.6,11.85,0.18,289.47,30.16,71.83,993.62,9488.37,8.66,9.79,0.15,218.67,25.26,73.27,275.0,24.0,80.0,40.0,0.69651234,22.36,32.102806,24.052916,Turnigynano-tech2000mAh2040C,t_motor_AS2308KV1450,apc_propellers_9x4_5MR
0.109,2000.0,0.049,0.02409,570.04,5443.48,6.6,9.78,0.21,224.67,34.04,55.58,613.38,5857.32,7.34,11.9,0.24,289.47,39.45,53.97,488.23,4662.24,5.33,8.26,0.15,134.59,25.26,58.49,275.0,24.0,80.0,40.0,0.7485924,39.12,52.25808,11.750881,Turnigynano-tech2000mAh2040C,t_motor_AS2308KV1450,apc_propellers_13x4_5MR
0.109,2000.0,0.049,0.01501,600.04,5729.96,6.6,8.27,0.19,209.08,31.68,58.4,657.77,6281.26,7.54,12.36,0.24,289.47,38.39,56.28,537.73,5134.92,5.65,9.08,0.15,142.82,25.26,60.71,275.0,24.0,80.0,40.0,0.71227235,33.08,46.44291,12.626263,Turnigynano-tech2000mAh2040C,t_motor_AS2308KV1450,apc_propellers_11x4_7SF
0.109,2000.0,0.049,0.01701,647.09,6179.21,6.6,8.07,0.17,184.62,27.97,62.77,740.52,7071.45,7.93,13.52,0.22,289.47,36.51,60.19,612.34,5847.42,6.14,7.62,0.15,155.23,25.26,63.61,275.0,24.0,80.0,40.0,0.72027236,32.28,44.81638,14.301037,Turnigynano-tech2000mAh2040C,t_motor_AS2308KV1450,apc_propellers_11x5_5MR
0.109,2000.0,0.049,0.00907,849.3,8110.23,6.6,4.15,0.07,79.48,12.04,79.26,1306.58,12476.92,10.84,10.66,0.16,289.47,26.71,77.08,1277.67,12200.84,10.53,10.65,0.15,265.93,25.26,77.47,275.0,24.0,80.0,40.0,0.6885124,16.6,24.109953,33.22259,Turnigynano-tech2000mAh2040C,t_motor_AS2308KV1450,apc_propellers_8x4_5MR
0.109,2000.0,0.049,0.01501,728.6,6957.61,6.6,6.97,0.13,142.24,21.55,70.07,898.19,8577.09,8.7,11.64,0.2,289.47,33.28,66.42,793.98,7581.98,7.34,9.2,0.15,185.46,25.26,69.03,275.0,24.0,80.0,40.0,0.71227235,27.88,39.14233,18.561485,Turnigynano-tech2000mAh2040C,t_motor_AS2308KV1450,apc_propellers_10x4_5MR
0.109,2000.0,0.049,0.00798,902.66,8619.75,6.6,2.87,0.04,51.74,7.84,81.12,1622.41,15492.88,12.6,9.87,0.14,289.47,22.97,81.89,1681.18,16054.04,13.18,11.14,0.15,333.06,25.26,81.39,275.0,24.0,80.0,40.0,0.68415236,11.48,16.779888,51.02041,Turnigynano-tech2000mAh2040C,t_motor_AS2308KV1450,apc_propellers_7x4E
0.109,2000.0,0.049,0.00513,896.02,8556.32,6.6,2.92,0.05,55.19,8.36,81.08,1574.28,15033.26,12.33,10.2,0.14,289.47,23.48,81.29,1623.53,15503.59,12.8,10.21,0.15,323.47,25.26,80.93,275.0,24.0,80.0,40.0,0.6727524,11.68,17.361515,47.84689,Turnigynano-tech2000mAh2040C,t_motor_AS2308KV1450,apc_propellers_7x4SF
0.109,2000.0,0.049,0.00499,959.62,9163.68,6.6,1.02,0.02,22.12,3.35,73.5,2478.19,23664.92,17.69,7.0,0.1,289.47,16.36,87.87,3065.74,29275.65,22.3,10.93,0.15,563.42,25.26,87.74,275.0,24.0,80.0,40.0,0.67219234,4.08,6.069691,119.402985,Turnigynano-tech2000mAh2040C,t_motor_AS2308KV1450,apc_propellers_5x7_5E
0.109,2000.0,0.049,0.01501,632.54,6040.34,6.6,8.15,0.18,192.18,29.12,61.43,714.73,6825.2,7.81,10.96,0.23,289.47,37.08,59.03,588.24,5617.24,5.99,8.05,0.15,151.22,25.26,62.72,275.0,24.0,80.0,40.0,0.71227235,32.6,45.76901,13.736263,Turnigynano-tech2000mAh2040C,t_motor_AS2308KV1450,apc_propellers_11x3_8SF
0.109,2000.0,0.08,0.03402,637.86,6091.11,6.6,16.63,0.43,446.46,67.65,64.18,708.72,6767.75,7.93,22.21,0.59,736.84,92.97,59.82,544.89,5203.28,5.29,16.17,0.3,250.66,47.37,67.58,700.0,45.0,80.0,40.0,0.9123123,66.52,72.91363,5.9127865,Turnigynano-tech2000mAh2040C,t_motor_AT2317KV1400,apc_propellers_14x7E
0.109,2000.0,0.08,0.02495,586.46,5600.28,6.6,18.17,0.5,516.05,78.19,59.22,652.42,6230.16,7.65,28.37,0.61,736.84,96.3,57.08,452.65,4322.45,4.66,14.48,0.3,220.85,47.37,63.72,700.0,45.0,80.0,40.0,0.87603235,72.68,82.96497,5.1157436,Turnigynano-tech2000mAh2040C,t_motor_AT2317KV1400,apc_propellers_14x4_7SF
0.109,2000.0,0.08,0.02214,629.22,6008.57,6.6,16.37,0.44,458.16,69.42,63.35,722.51,6899.43,7.99,22.45,0.59,736.84,92.18,60.46,519.2,4958.0,5.12,11.46,0.3,242.36,47.37,66.6,700.0,45.0,80.0,40.0,0.86479235,65.48,75.7176,5.762028,Turnigynano-tech2000mAh2040C,t_motor_AT2317KV1400,apc_propellers_13x4_7SF
0.109,2000.0,0.08,0.01787,681.62,6509.01,6.6,14.49,0.37,387.21,58.67,68.3,821.58,7845.54,8.49,21.92,0.55,736.84,86.79,64.65,613.54,5858.87,5.76,12.33,0.3,272.84,47.37,69.91,700.0,45.0,80.0,40.0,0.84771234,57.96,68.372246,6.8177943,Turnigynano-tech2000mAh2040C,t_motor_AT2317KV1400,apc_propellers_12x4_7SF
0.109,2000.0,0.08,0.06101,469.8,4486.26,6.6,22.96,0.65,674.0,102.12,47.7,481.61,4599.03,6.86,28.55,0.68,736.84,107.45,47.11,320.32,3058.87,3.76,18.17,0.3,178.1,47.37,55.92,700.0,45.0,80.0,40.0,1.0202724,91.84,90.01518,3.9169605,Turnigynano-tech2000mAh2040C,t_motor_AT2317KV1400,apc_propellers_18x5_5MR
0.109,2000.0,0.08,0.05502,651.14,6217.91,6.6,19.33,0.41,428.48,64.92,65.44,765.42,7309.22,8.21,32.03,0.57,736.84,89.79,62.35,553.64,5286.86,5.35,18.01,0.3,253.48,47.37,67.9,700.0,45.0,80.0,40.0,0.9963124,77.32,77.606186,6.1614294,Turnigynano-tech2000mAh2040C,t_motor_AT2317KV1400,apc_propellers_16x4E
0.109,2000.0,0.08,0.01787,715.57,6833.19,6.6,14.1,0.32,341.24,51.7,71.39,906.94,8660.61,8.93,24.45,0.52,736.84,82.52,67.77,683.79,6529.71,6.24,14.79,0.3,295.54,47.37,71.93,700.0,45.0,80.0,40.0,0.84771234,56.4,66.532005,7.7369437,Turnigynano-tech2000mAh2040C,t_motor_AT2317KV1400,apc_propellers_12x3_8SF
0.109,2000.0,0.08,0.02399,674.66,6442.53,6.6,15.3,0.38,396.63,60.1,67.65,784.62,7492.56,8.3,23.6,0.56,736.84,88.75,63.16,612.43,5848.28,5.75,13.33,0.3,272.48,47.37,69.88,700.0,45.0,80.0,40.0,0.8721924,61.2,70.16801,6.655574,Turnigynano-tech2000mAh2040C,t_motor_AT2317KV1400,apc_propellers_13x5_5MR
0.109,2000.0,0.08,0.03007,625.67,5974.71,6.6,17.16,0.44,462.96,70.15,63.01,704.37,6726.24,7.9,23.49,0.59,736.84,93.22,59.62,529.19,5053.36,5.18,17.13,0.3,245.58,47.37,66.99,700.0,45.0,80.0,40.0,0.8965123,68.64,76.56336,5.702067,Turnigynano-tech2000mAh2040C,t_motor_AT2317KV1400,apc_propellers_14x5_5MR
0.109,2000.0,0.08,0.02409,709.43,6774.57,6.6,15.3,0.33,349.56,52.96,70.84,876.61,8371.02,8.77,26.9,0.53,736.84,84.0,66.71,672.95,6426.22,6.17,16.28,0.3,292.03,47.37,71.64,700.0,45.0,80.0,40.0,0.87259233,61.2,70.13584,7.5528703,Turnigynano-tech2000mAh2040C,t_motor_AT2317KV1400,apc_propellers_13x4_5MR
0.109,2000.0,0.08,0.04395,542.07,5176.35,6.6,20.46,0.55,576.16,87.3,54.87,579.5,5533.83,7.31,27.6,0.64,736.84,100.85,53.14,404.91,3866.57,4.34,12.32,0.3,205.43,47.37,61.28,700.0,45.0,80.0,40.0,0.9520323,81.84,85.96346,4.5819016,Turnigynano-tech2000mAh2040C,t_motor_AT2317KV1400,apc_propellers_16x5_5MR
0.109,2000.0,0.08,0.045,689.1,6580.46,6.6,17.53,0.36,377.08,57.13,68.99,841.59,8036.62,8.59,32.63,0.54,736.84,85.76,65.42,627.49,5992.05,5.86,14.63,0.3,277.34,47.37,70.34,700.0,45.0,80.0,40.0,0.95623237,70.12,73.32946,7.0015755,Turnigynano-tech2000mAh2040C,t_motor_AT2317KV1400,apc_propellers_15x4E
